0001,Study,"勉強初日@","先日買ってきたSmarty入門の本を開いて勉強し始めました。これから頑張るぞ。",1199463806,./images/001.jpg
0002,Study,"勉強二日目","Smartyを勉強してます。ただいま一服中。",1199465130,./images/004.jpg
0003,Eating,"今日の昼食","東京タワーの見える公園でランチをとりました。青空の下のごはんはおいしい。",1199469257,./images/002.jpg
0004,Work,"打ち合わせ","同僚と案件の打ち合わせを行いました。予想外に複雑な仕様になりそうです。",1200378462,./images/003.jpg
0005,Work,"今日の予定","手帳を開くと今日も予定が沢山入っていて、忙しい日になりそう。
きちんとスケジュール管理をせねば。",1200378621,./images/005.jpg
0006,Eating,"今日の朝食","今日の朝食はトーストとクロワッサンです。おいしそう。",1200378693,./images/006.jpg
0012,Notice,"テスト","あいさつのテスト",1199645725,
0013,Notice,"テスト2","あいさつのテスト２",1199647439,
0014,Notice,"あいさつテスト５","ああああ",1200674181,
0015,Study,"テストイタイトル1","テスト本文1",1603953738,./images/007.jpg
0016,Study,"テストイタイトル1","テスト本文1",1603953855,./images/007.jpg
0017,Study,"テストイタイトル1","テスト本文1",1603955334,./images/007.jpg
0018,Study,"テストイタイトル1","テスト本文1",1603956218,./images/007.jpg
0019,Study,"テストイタイトル1","テスト本文1",1603956347,./images/007.jpg
0020,Study,"テストイタイトル1","テスト本文1",1603956494,./images/007.jpg
0021,Study,"テストイタイトル1","テスト本文1",1603957105,./images/007.jpg
0022,Study,"テストイタイトル1","テスト本文1",1603957178,./images/007.jpg
0023,Study,"テストイタイトル1","テスト本文1",1603957239,./images/007.jpg
0024,Study,"テストイタイトル1","テスト本文1",1603957666,./images/007.jpg
0025,Study,"テストイタイトル1","テスト本文1",1603971080,./images/007.jpg
0026,Study,"テストイタイトル1","テスト本文1",1603971539,./images/007.jpg
0027,Study,"テストイタイトル1","テスト本文1",1603971666,./images/007.jpg
0028,Study,"テストイタイトル1","テスト本文1",1603972244,./images/007.jpg
0029,Study,"テストイタイトル1","テスト本文1",1603972277,./images/007.jpg
0030,Study,"テストイタイトル1","テスト本文1",1603972486,./images/007.jpg
0031,Study,"テストイタイトル1","テスト本文1",1603972600,./images/007.jpg
0032,Study,"テストイタイトル1","テスト本文1",1603975708,./images/007.jpg
